Product Name,Model Name,Slug,Primary Keywords,Simple Description,SEO Title,Meta Description,Product Description,Key Benefits,Technical Specifications,Applications
SF6 Leak Detector,SF6-PGAS32,sf6-leak-detector,"sf6 leak detector; portable sf6 leak detector; sf6 gas leakage detection; infrared sf6 detector; sf6 ppm detector","Portable SF6 leak detector designed for accurate gas leakage detection with infrared sensing, built-in air pump, and ppm-level precision.","SF6 Leak Detector | Portable Infrared SF6 Gas Leak Detection Equipment","Explore the SF6 Leak Detector for accurate infrared SF6 gas leakage detection with built-in air pump, ppm precision, and long sensor life for substations and industrial use.","High-precision infrared SF6 leak detection system with built-in air pump, ppm-level accuracy, and 10-year sensor lifespan. Ideal for power substations and industrial applications.","Infrared principle for accurate detection | Built-in air pump for efficient sampling | ppm precision for sensitive leak detection | Stable and durable design | 10 years of sensor life | Portable and lightweight | Real-time concentration display | Audio and visual alarms","Detection Principle: Infrared (NDIR) | Detection Range: 0-1000 ppm | Resolution: 0.1 ppm | Accuracy: ±2% FS | Response Time: < 10 seconds | Sampling Method: Built-in pump | Flow Rate: 0.5 L/min | Display: 4.3 inch LCD touchscreen | Battery Life: 8 hours continuous | Weight: 2.5 kg | Dimensions: 280 × 180 × 120 mm | Operating Temp: -10°C to +50°C | Storage Temp: -20°C to +60°C | Humidity: 0-95% RH (non-condensing)","Power substations | High voltage switchgear | GIS (Gas Insulated Switchgear) | Circuit breakers | Transformers | Industrial gas handling"
SF6 Room Monitor,SF6-RM1013,sf6-room-monitor,"sf6 room monitor; sf6 gas monitoring system; sf6 leak monitoring; oxygen monitoring for substations; sf6 room safety monitor","Continuous SF6 room monitoring system for gas leakage, oxygen concentration, temperature, and humidity in substations and enclosed spaces.","SF6 Room Monitor | Continuous SF6 Gas Monitoring System for Substations","Discover the SF6 Room Monitor for 24/7 SF6 leak detection, oxygen monitoring, and environmental safety management in substations and enclosed electrical rooms.","24/7 continuous monitoring system for SF6 gas leakage, oxygen concentration, and environmental conditions. Features real-time alerts and remote monitoring capabilities for maximum safety.","24/7 continuous monitoring | SF6 gas leakage detection (0-1000 ppm) | Oxygen concentration monitoring (0-30%) | Temperature and humidity sensing | Real-time data display and logging | Multi-level alarm system | Remote monitoring via WiFi/Ethernet | SMS and email alert notifications","SF6 Detection Range: 0-1000 ppm | SF6 Resolution: 1 ppm | Oxygen Range: 0-30% VOL | Oxygen Accuracy: ±0.7% VOL | Temperature Range: -20°C to +60°C | Humidity Range: 0-100% RH | Display: 7 inch touchscreen LCD | Data Logging: Built-in 2GB storage | Communication: WiFi, Ethernet, RS485, 4-20mA | Alarm Output: Relay contacts, Sound, Light | Power Supply: AC 110-240V or DC 24V | Backup Battery: 4 hours continuous | Installation: Wall-mounted or panel | Protection Class: IP65","High voltage substations | GIS switchgear rooms | Circuit breaker rooms | Transformer stations | Underground power facilities | Industrial control rooms"
SF6 Gas Filling Kit,SF6-FK,sf6-gas-filling-kit,"sf6 gas filling kit; sf6 filling equipment; sf6 gas refilling kit; sf6 pressure control system; sf6 gas service kit","SF6 gas filling kit with precise pressure control, vacuum pump, and recovery capability for reliable gas filling and service work.","SF6 Gas Filling Kit | Precise SF6 Gas Refilling and Service Equipment","Choose the SF6 Gas Filling Kit for precise pressure control, vacuum support, and efficient SF6 gas refilling in maintenance and service applications.","Comprehensive SF6 gas filling system with precise pressure control, vacuum pump, and gas recovery capabilities. Ideal for GIS and circuit breaker maintenance.","Precise pressure control system | Built-in vacuum pump | SF6 gas recovery capability | Digital pressure and temperature display | High flow rate for efficient filling | Leak detection system | Portable and compact design | Safety relief valve","Filling Flow Rate: 0-50 L/min | Vacuum Pump Capacity: 20 m³/h | Ultimate Vacuum: ≤10 Pa | Pressure Range: 0-10 bar | Pressure Accuracy: ±0.1 bar | Temperature Range: -10°C to +50°C | Display: Digital LCD | Power Supply: AC 220V/50Hz or DC 24V | Weight: 45 kg | Dimensions: 800 × 600 × 400 mm | Hose Length: 5 m | Storage Capacity: 20L SF6 cylinder","GIS (Gas Insulated Switchgear) | Circuit breakers | Transformers | High voltage switchgear | Power substations | Industrial gas handling"
Mobile SF6 Vacuum Pump Unit,SF6-VP,mobile-sf6-vacuum-pump-unit,"mobile sf6 vacuum pump unit; sf6 vacuum pump; sf6 evacuation equipment; sf6 dehydration unit; portable sf6 vacuum system","Mobile SF6 vacuum pump unit built for gas evacuation and dehydration with stable vacuum performance for field applications.","Mobile SF6 Vacuum Pump Unit | SF6 Gas Evacuation and Dehydration System","View the Mobile SF6 Vacuum Pump Unit for dependable SF6 gas evacuation and dehydration with portable design and stable vacuum performance.","High-performance mobile vacuum pump unit designed for SF6 gas evacuation and dehydration. Features powerful vacuum capacity and portable design for field operations.","High vacuum capacity (40 m³/h) | Ultimate vacuum ≤10 Pa | Mobile design with wheels | Digital vacuum gauge | Automatic temperature control | Low noise operation | Energy efficient | Overload protection","Pump Capacity: 40 m³/h | Ultimate Vacuum: ≤10 Pa | Power Supply: AC 380V/50Hz | Motor Power: 4 kW | Weight: 250 kg | Dimensions: 1200 × 800 × 1000 mm | Noise Level: ≤75 dB(A) | Operating Temperature: -10°C to +50°C | Cooling System: Air-cooled | Oil Capacity: 5 L | Hose Connections: DN16, DN20 | Control System: Digital display with remote control","Power substations | GIS (Gas Insulated Switchgear) | Circuit breakers | Transformers | High voltage switchgear | Field maintenance"
SF6 Gas Filling Cart,SF6-FC,sf6-gas-filling-cart,"sf6 gas filling cart; sf6 filling trolley; sf6 gas handling cart; sf6 gas recovery cart; sf6 service cart","Mobile SF6 gas filling cart with integrated vacuum pump, gas recovery, and precise filling functions for on-site service operations.","SF6 Gas Filling Cart | Mobile SF6 Gas Filling and Recovery Equipment","Learn about the SF6 Gas Filling Cart with integrated vacuum pump, gas recovery, and precise filling control for efficient field service operations.","Mobile SF6 gas filling cart with integrated vacuum pump, gas recovery system, and precise filling capabilities. Designed for efficient SF6 gas handling in power substations.","Mobile design with sturdy wheels | Integrated vacuum pump (30 m³/h) | SF6 gas recovery capability | Precise pressure control system | Digital display for pressure and temperature | High flow rate for efficient filling | Built-in filtration system | Safety relief valves","Filling Flow Rate: 0-60 L/min | Vacuum Pump Capacity: 30 m³/h | Ultimate Vacuum: ≤10 Pa | Recovery Rate: 20 L/min | Pressure Range: 0-10 bar | Power Supply: AC 380V/50Hz | Motor Power: 3 kW | Weight: 350 kg | Dimensions: 1500 × 800 × 1200 mm | Cylinder Capacity: 50L | Hose Length: 8 m | Control System: PLC with touchscreen","Power substations | GIS (Gas Insulated Switchgear) | Circuit breakers | Transformers | High voltage switchgear | Field maintenance"
SF6 Service Carts,SF6-SC,sf6-service-carts,"sf6 service carts; sf6 gas handling equipment; sf6 gas recovery system; sf6 purification cart; sf6 maintenance cart","Integrated SF6 service cart solution for vacuuming, recovery, purification, and refilling during maintenance and gas handling work.","SF6 Service Carts | Integrated SF6 Gas Handling, Recovery, and Filling Solution","Discover SF6 Service Carts designed for vacuuming, recovery, purification, and refilling to support complete SF6 maintenance workflows.","Comprehensive SF6 service cart with integrated vacuum pump, gas recovery, purification, and filling capabilities. Designed for complete SF6 gas management in power systems.","Complete SF6 gas management solution | High capacity vacuum pump (40 m³/h) | SF6 gas recovery and purification | Precise filling and pressure control | Digital touchscreen control | Mobile design with sturdy wheels | Built-in filtration system | Comprehensive safety features","Recovery Rate: 30 L/min | Vacuum Pump Capacity: 40 m³/h | Ultimate Vacuum: ≤10 Pa | Filling Flow Rate: 0-60 L/min | Purification Efficiency: 99.9% | Power Supply: AC 380V/50Hz | Motor Power: 5 kW | Weight: 450 kg | Dimensions: 1800 × 900 × 1300 mm | Cylinder Capacity: 100L | Hose Length: 10 m | Control System: PLC with touchscreen display","Power substations | GIS (Gas Insulated Switchgear) | Circuit breakers | Transformers | High voltage switchgear | Industrial maintenance"
SF6 Regeneration System,SF6-RS,sf6-regeneration-system,"sf6 regeneration system; sf6 gas purification system; sf6 gas reclaiming equipment; sf6 gas recycling system; sf6 reuse solution","SF6 regeneration system used to purify and reclaim used SF6 gas for cleaner reuse and more efficient lifecycle management.","SF6 Regeneration System | SF6 Gas Purification and Recycling Equipment","Explore the SF6 Regeneration System for SF6 gas purification, reclaiming, and recycling to improve reuse efficiency and lifecycle management.","Advanced SF6 gas regeneration system for purifying and reclaiming used SF6 gas. Restores SF6 to original purity levels for reuse, reducing environmental impact and operational costs.","High purification efficiency (99.9%) | Removes moisture, impurities, and decomposition products | Continuous operation capability | Digital monitoring and control | Large processing capacity | Energy efficient design | Complies with environmental regulations | Remote monitoring capabilities","Processing Capacity: 50 kg/day | Purification Efficiency: 99.9% | Moisture Removal: < 10 ppm | Particulate Filtration: < 0.1 μm | Operating Pressure: 0-10 bar | Power Supply: AC 380V/50Hz | Power Consumption: 15 kW | Weight: 800 kg | Dimensions: 2000 × 1200 × 1800 mm | Control System: PLC with touchscreen | Safety Features: Overpressure, overtemp, leak detection | Compliance: IEC 60480, EPA, EU F-Gas","Power utilities | Electrical equipment manufacturers | SF6 gas handling companies | Industrial facilities | Research institutions | Environmental agencies"
SF6 Gas Analyzer,SF6-GA,sf6-gas-analyzer,"sf6 gas analyzer; sf6 gas analysis equipment; sf6 purity analyzer; sf6 moisture analyzer; sf6 decomposition products analyzer","SF6 gas analyzer for measuring purity, moisture, and decomposition products to support safe and accurate gas quality assessment.","SF6 Gas Analyzer | Purity, Moisture, and Decomposition Product Analysis","Use the SF6 Gas Analyzer to measure SF6 purity, moisture, and decomposition products for accurate gas quality assessment and maintenance decisions.","Advanced SF6 gas analyzer for comprehensive analysis of SF6 gas quality, including moisture, purity, and decomposition products. Features high precision and user-friendly interface.","Comprehensive SF6 gas analysis | Moisture measurement (ppm) | Purity analysis (volume%) | Decomposition product detection | Real-time data display | Portable and lightweight | Long battery life | Data storage and export","Moisture Range: 0-1000 ppm | Moisture Accuracy: ±2 ppm | Purity Range: 0-100% | Purity Accuracy: ±0.1% | Decomposition Products: SO2, HF, CO, CF4 | Response Time: < 3 minutes | Display: 7 inch touchscreen | Battery Life: 8 hours continuous | Weight: 5 kg | Dimensions: 300 × 200 × 150 mm | Operating Temperature: -10°C to +50°C | Data Storage: 10,000 measurements","Power utilities | Electrical equipment manufacturers | SF6 gas handling companies | Industrial facilities | Research institutions | Maintenance and testing"
SF6 Gas Fittings,SF6-FT,sf6-gas-fittings,"sf6 gas fittings; sf6 gas accessories; sf6 valves and connectors; sf6 gas hose fittings; sf6 stainless steel fittings","High-quality SF6 gas fittings and accessories designed for safe, reliable, and leak-proof gas connection and handling.","SF6 Gas Fittings | Reliable SF6 Gas Valves, Connectors, and Accessories","Browse SF6 Gas Fittings including valves, connectors, and accessories designed for safe, reliable, and leak-proof SF6 gas handling.","High-quality SF6 gas fittings and accessories for safe and reliable SF6 gas handling. Includes valves, connectors, hoses, and adapters designed for SF6 applications.","High-quality stainless steel construction | Leak-proof design | Corrosion resistant | Wide range of sizes and types | Compliant with international standards | Easy to install and maintain | Long service life | Compatible with all SF6 equipment","Material: Stainless Steel 316L | Pressure Rating: Up to 160 bar | Temperature Range: -40°C to +120°C | Connection Types: NPT, BSP, ISO, DIN | Sizes: 1/4 to 2 | Seal Material: PTFE, Viton | Testing: 100% leak tested | Certifications: CE, ISO 9001 | Packaging: Protective packaging | Warranty: 1 Year | Lead Time: 3-7 days | Customization: Available","Power substations | GIS (Gas Insulated Switchgear) | Circuit breakers | Transformers | SF6 gas handling equipment | Industrial gas systems"
