Product Name,Model Name,Slug,Primary Keywords,Simple Description,SEO Title,Meta Description
SF6 Leak Detector,SF6-LD-3000,sf6-leak-detector,"sf6 leak detector; portable sf6 leak detector; sf6 gas leakage detection; infrared sf6 detector; sf6 ppm detector","Portable SF6 leak detector designed for accurate gas leakage detection with infrared sensing, built-in air pump, and ppm-level precision.","SF6 Leak Detector | Portable Infrared SF6 Gas Leak Detection Equipment","Explore the SF6 Leak Detector for accurate infrared SF6 gas leakage detection with built-in air pump, ppm precision, and long sensor life for substations and industrial use."
SF6 Room Monitor,SF6-RM-5000,sf6-room-monitor,"sf6 room monitor; sf6 gas monitoring system; sf6 leak monitoring; oxygen monitoring for substations; sf6 room safety monitor","Continuous SF6 room monitoring system for gas leakage, oxygen concentration, temperature, and humidity in substations and enclosed spaces.","SF6 Room Monitor | Continuous SF6 Gas Monitoring System for Substations","Discover the SF6 Room Monitor for 24/7 SF6 leak detection, oxygen monitoring, and environmental safety management in substations and enclosed electrical rooms."
SF6 Gas Filling Kit,SF6-FK-2000,sf6-gas-filling-kit,"sf6 gas filling kit; sf6 filling equipment; sf6 gas refilling kit; sf6 pressure control system; sf6 gas service kit","SF6 gas filling kit with precise pressure control, vacuum pump, and recovery capability for reliable gas filling and service work.","SF6 Gas Filling Kit | Precise SF6 Gas Refilling and Service Equipment","Choose the SF6 Gas Filling Kit for precise pressure control, vacuum support, and efficient SF6 gas refilling in maintenance and service applications."
Mobile SF6 Vacuum Pump Unit,SF6-VP-4000,mobile-sf6-vacuum-pump-unit,"mobile sf6 vacuum pump unit; sf6 vacuum pump; sf6 evacuation equipment; sf6 dehydration unit; portable sf6 vacuum system","Mobile SF6 vacuum pump unit built for gas evacuation and dehydration with stable vacuum performance for field applications.","Mobile SF6 Vacuum Pump Unit | SF6 Gas Evacuation and Dehydration System","View the Mobile SF6 Vacuum Pump Unit for dependable SF6 gas evacuation and dehydration with portable design and stable vacuum performance."
SF6 Gas Filling Cart,SF6-FC-5000,sf6-gas-filling-cart,"sf6 gas filling cart; sf6 filling trolley; sf6 gas handling cart; sf6 gas recovery cart; sf6 service cart","Mobile SF6 gas filling cart with integrated vacuum pump, gas recovery, and precise filling functions for on-site service operations.","SF6 Gas Filling Cart | Mobile SF6 Gas Filling and Recovery Equipment","Learn about the SF6 Gas Filling Cart with integrated vacuum pump, gas recovery, and precise filling control for efficient field service operations."
SF6 Service Carts,SF6-SC-6000,sf6-service-carts,"sf6 service carts; sf6 gas handling equipment; sf6 gas recovery system; sf6 purification cart; sf6 maintenance cart","Integrated SF6 service cart solution for vacuuming, recovery, purification, and refilling during maintenance and gas handling work.","SF6 Service Carts | Integrated SF6 Gas Handling, Recovery, and Filling Solution","Discover SF6 Service Carts designed for vacuuming, recovery, purification, and refilling to support complete SF6 maintenance workflows."
SF6 Regeneration System,SF6-RS-7000,sf6-regeneration-system,"sf6 regeneration system; sf6 gas purification system; sf6 gas reclaiming equipment; sf6 gas recycling system; sf6 reuse solution","SF6 regeneration system used to purify and reclaim used SF6 gas for cleaner reuse and more efficient lifecycle management.","SF6 Regeneration System | SF6 Gas Purification and Recycling Equipment","Explore the SF6 Regeneration System for SF6 gas purification, reclaiming, and recycling to improve reuse efficiency and lifecycle management."
SF6 Gas Analyzer,SF6-GA-8000,sf6-gas-analyzer,"sf6 gas analyzer; sf6 gas analysis equipment; sf6 purity analyzer; sf6 moisture analyzer; sf6 decomposition products analyzer","SF6 gas analyzer for measuring purity, moisture, and decomposition products to support safe and accurate gas quality assessment.","SF6 Gas Analyzer | Purity, Moisture, and Decomposition Product Analysis","Use the SF6 Gas Analyzer to measure SF6 purity, moisture, and decomposition products for accurate gas quality assessment and maintenance decisions."
SF6 Gas Fittings,SF6-FT-9000,sf6-gas-fittings,"sf6 gas fittings; sf6 gas accessories; sf6 valves and connectors; sf6 gas hose fittings; sf6 stainless steel fittings","High-quality SF6 gas fittings and accessories designed for safe, reliable, and leak-proof gas connection and handling.","SF6 Gas Fittings | Reliable SF6 Gas Valves, Connectors, and Accessories","Browse SF6 Gas Fittings including valves, connectors, and accessories designed for safe, reliable, and leak-proof SF6 gas handling."
